[
  {
    "adcode":"110000",
    "color":"lime",
    "data":"123"
  },
  {
    "adcode":"120000",
    "color":"deepskyblue",
    "data":"123"
  },
  {
    "adcode":"130000",
    "color":"orangered",
    "data":"123"
  },
  {
    "adcode":"140000",
    "color":"gray",
    "data":"123"
  },
  {
    "adcode":"150000",
    "color":"lime",
    "data":"123"
  },
  {
    "adcode":"210000",
    "color":"deepskyblue",
    "data":"123"
  },
  {
    "adcode":"220000",
    "color":"orangered",
    "data":"123"
  },
  {
    "adcode":"230000",
    "color":"gray",
    "data":"123"
  },
  {
    "adcode":"310000",
    "color":"lime",
    "data":"123"
  },
  {
    "adcode":"320000",
    "color":"deepskyblue",
    "data":"123"
  },
  {
    "adcode":"330000",
    "color":"orangered",
    "data":"123"
  },
  {
    "adcode":"340000",
    "color":"gray",
    "data":"123"
  },
  {
    "adcode":"350000",
    "color":"lime",
    "data":"123"
  },
  {
    "adcode":"360000",
    "color":"deepskyblue",
    "data":"123"
  },
  {
    "adcode":"370000",
    "color":"orangered",
    "data":"123"
  },
  {
    "adcode":"410000",
    "color":"gray",
    "data":"123"
  },
  {
    "adcode":"420000",
    "color":"lime",
    "data":"123"
  },
  {
    "adcode":"430000",
    "color":"deepskyblue",
    "data":"123"
  },
  {
    "adcode":"440000",
    "color":"orangered",
    "data":"123"
  },
  {
    "adcode":"450000",
    "color":"gray",
    "data":"123"
  },
  {
    "adcode":"460000",
    "color":"lime",
    "data":"123"
  },
  {
    "adcode":"500000",
    "color":"deepskyblue",
    "data":"123"
  },
  {
    "adcode":"510000",
    "color":"orangered",
    "data":"123"
  },
  {
    "adcode":"520000",
    "color":"gray",
    "data":"123"
  },
  {
    "adcode":"530000",
    "color":"lime",
    "data":"123"
  },
  {
    "adcode":"540000",
    "color":"deepskyblue",
    "data":"123"
  },
  {
    "adcode":"610000",
    "color":"orangered",
    "data":"123"
  },
  {
    "adcode":"620000",
    "color":"gray",
    "data":"123"
  },
  {
    "adcode":"630000",
    "color":"lime",
    "data":"123"
  },
  {
    "adcode":"640000",
    "color":"deepskyblue",
    "data":"123"
  },
  {
    "adcode":"650000",
    "color":"orangered",
    "data":"123"
  },
  {
    "adcode":"710000",
    "color":"gray",
    "data":"123"
  },
  {
    "adcode":"810000",
    "color":"gray",
    "data":"123"
  },
  {
    "adcode":"820000",
    "color":"gray",
    "data":"123"
  }

]