[
  {
    "adcode":"110000",
    "scale":"10000",
    "centreX":"116",
    "centreY":"40",
    "geojsonURL":"./geojson/beijing.geojson"
  },
  {
    "adcode":"120000",
    "scale":"13000",
    "centreX":"117",
    "centreY":"39.5",
    "geojsonURL":"./geojson/tianjin.geojson"
  },
  {
    "adcode":"130000",
    "scale":"4000",
    "centreX":"116",
    "centreY":"39",
    "geojsonURL":"./geojson/hebei.geojson"
  },
  {
    "adcode":"140000",
    "scale":"4000",
    "centreX":"114",
    "centreY":"37.5",
    "geojsonURL":"./geojson/shanxi-1.geojson"
  },
  {
    "adcode":"150000",
    "scale":"1500",
    "centreX":"115.8",
    "centreY":"44",
    "geojsonURL":"./geojson/neimenggu.geojson"
  },
  {
    "adcode":"210000",
    "scale":"4000",
    "centreX":"123",
    "centreY":"41",
    "geojsonURL":"./geojson/liaoning.geojson"
  },
  {
    "adcode":"220000",
    "scale":"4000",
    "centreX":"125",
    "centreY":"44",
    "geojsonURL":"./geojson/jilin.geojson"
  },
  {
    "adcode":"230000",
    "scale":"2500",
    "centreX":"130.8",
    "centreY":"49",
    "geojsonURL":"./geojson/heilongjiang.geojson"
  },
  {
    "adcode":"310000",
    "scale":"20000",
    "centreX":"121.4",
    "centreY":"31.2",
    "geojsonURL":"./geojson/shanghai.geojson"
  },
  {
    "adcode":"320000",
    "scale":"4000",
    "centreX":"118",
    "centreY":"34",
    "geojsonURL":"./geojson/jiangsu.geojson"
  },
  {
    "adcode":"330000",
    "scale":"5000",
    "centreX":"120",
    "centreY":"30",
    "geojsonURL":"./geojson/zhejiang.geojson"
  },
  {
    "adcode":"340000",
    "scale":"5000",
    "centreX":"117",
    "centreY":"32",
    "geojsonURL":"./geojson/anhui.geojson"
  },
  {
    "adcode":"350000",
    "scale":"5000",
    "centreX":"118",
    "centreY":"25.6",
    "geojsonURL":"./geojson/fujian.geojson"
  },
  {
    "adcode":"360000",
    "scale":"4000",
    "centreX":"116",
    "centreY":"28",
    "geojsonURL":"./geojson/jiangxi.geojson"
  },
  {
    "adcode":"370000",
    "scale":"5000",
    "centreX":"119",
    "centreY":"37",
    "geojsonURL":"./geojson/shandong.geojson"
  },
  {
    "adcode":"410000",
    "scale":"4000",
    "centreX":"115",
    "centreY":"34",
    "geojsonURL":"./geojson/henan.geojson"
  },
  {
    "adcode":"420000",
    "scale":"5000",
    "centreX":"113",
    "centreY":"32",
    "geojsonURL":"./geojson/hubei.geojson"
  },
  {
    "adcode":"430000",
    "scale":"4000",
    "centreX":"112",
    "centreY":"27",
    "geojsonURL":"./geojson/hunan.geojson"
  },
  {
    "adcode":"440000",
    "scale":"4000",
    "centreX":"114",
    "centreY":"23",
    "geojsonURL":"./geojson/guangdong.geojson"
  },
  {
    "adcode":"450000",
    "scale":"4000",
    "centreX":"107",
    "centreY":"24",
    "geojsonURL":"./geojson/guangxi.geojson"
  },
  {
    "adcode":"460000",
    "scale":"8000",
    "centreX":"110",
    "centreY":"19",
    "geojsonURL":"./geojson/hainan.geojson"
  },
  {
    "adcode":"500000",
    "scale":"7000",
    "centreX":"107",
    "centreY":"30.2",
    "geojsonURL":"./geojson/chongqing.geojson"
  },
  {
    "adcode":"510000",
    "scale":"2500",
    "centreX":"100",
    "centreY":"31",
    "geojsonURL":"./geojson/sichuan.geojson"
  },
  {
    "adcode":"520000",
    "scale":"5000",
    "centreX":"107",
    "centreY":"27",
    "geojsonURL":"./geojson/guizhou.geojson"
  },
  {
    "adcode":"530000",
    "scale":"3500",
    "centreX":"102",
    "centreY":"25.3",
    "geojsonURL":"./geojson/yunnan.geojson"
  },
  {
    "adcode":"540000",
    "scale":"1700",
    "centreX":"92",
    "centreY":"33",
    "geojsonURL":"./geojson/xizang.geojson"
  },
  {
    "adcode":"610000",
    "scale":"2500",
    "centreX":"110",
    "centreY":"35",
    "geojsonURL":"./geojson/shanxi-2.geojson"
  },
  {
    "adcode":"620000",
    "scale":"2500",
    "centreX":"106",
    "centreY":"38",
    "geojsonURL":"./geojson/gansu.geojson"
  },
  {
    "adcode":"630000",
    "scale":"2500",
    "centreX":"98",
    "centreY":"37",
    "geojsonURL":"./geojson/qinghai.geojson"
  },
  {
    "adcode":"640000",
    "scale":"5000",
    "centreX":"107",
    "centreY":"38",
    "geojsonURL":"./geojson/ningxia.geojson"
  },
  {
    "adcode":"650000",
    "scale":"1500",
    "centreX":"87",
    "centreY":"42",
    "geojsonURL":"./geojson/xinjiang.geojson"
  },
  {
    "adcode":"710000",
    "scale":"7000",
    "centreX":"120.8",
    "centreY":"24",
    "geojsonURL":"./geojson/taiwan.geojson"
  }
]