[
  {
    "name":"怀柔",
    "color":"lime",
    "data":"123"
  },
  {
    "name":"密云",
    "color":"deepskyblue",
    "data":"123"
  },
  {
    "name":"延庆",
    "color":"orangered",
    "data":"123"
  },
  {
    "name":"昌平",
    "color":"gray",
    "data":"123"
  },
  {
    "name":"平谷",
    "color":"lime",
    "data":"123"
  },
  {
    "name":"顺义",
    "color":"deepskyblue",
    "data":"123"
  },
  {
    "name":"门头沟",
    "color":"orangered",
    "data":"123"
  },
  {
    "name":"市区",
    "color":"gray",
    "data":"123"
  },
  {
    "name":"通州",
    "color":"lime",
    "data":"123"
  },
  {
    "name":"房山",
    "color":"deepskyblue",
    "data":"123"
  },
  {
    "name":"大兴",
    "color":"orangered",
    "data":"123"
  }
]